{"cameraMode":{"drawMode":0,"name":"Shaded","section":"Shading Mode"},"sceneLighting":true,"audioPlay":false,"sceneViewState":{"m_AlwaysRefresh":false,"showFog":true,"showSkybox":true,"showFlares":true,"showImageEffects":true,"showParticleSystems":true,"showVisualEffectGraphs":true,"m_FxEnabled":true},"in2DMode":false,"pivot":{"x":3.6884491443634035,"y":10.834610939025879,"z":-22.383941650390626},"rotation":{"x":-0.01112658716738224,"y":0.9154983162879944,"z":-0.40161070227622988,"w":-0.024955837056040765},"size":0.9674776196479797,"orthographic":false}