{"cameraMode":{"drawMode":0,"name":"Shaded","section":"Shading Mode"},"sceneLighting":true,"audioPlay":false,"sceneViewState":{"m_AlwaysRefresh":false,"showFog":true,"showSkybox":true,"showFlares":true,"showImageEffects":true,"showParticleSystems":true,"showVisualEffectGraphs":true,"m_FxEnabled":true},"in2DMode":false,"pivot":{"x":24.909969329833986,"y":1.587188959121704,"z":-46.66734313964844},"rotation":{"x":-0.10225854814052582,"y":0.23172083497047425,"z":-0.024370063096284868,"w":-0.9671712517738342},"size":2.4982900619506838,"orthographic":false}