{"cameraMode":{"drawMode":0,"name":"Shaded","section":"Shading Mode"},"sceneLighting":false,"audioPlay":false,"sceneViewState":{"m_AlwaysRefresh":false,"showFog":true,"showSkybox":false,"showFlares":true,"showImageEffects":true,"showParticleSystems":true,"showVisualEffectGraphs":true,"m_FxEnabled":true},"in2DMode":false,"pivot":{"x":-2.1001412868499758,"y":0.6517093181610107,"z":2.5377650260925295},"rotation":{"x":0.0009493438992649317,"y":-0.9838568568229675,"z":0.17934437096118928,"w":0.004464529920369387},"size":2.998114824295044,"orthographic":false}