{"cameraMode":{"drawMode":0,"name":"Shaded","section":"Shading Mode"},"sceneLighting":true,"audioPlay":false,"sceneViewState":{"m_AlwaysRefresh":false,"showFog":true,"showSkybox":true,"showFlares":true,"showImageEffects":true,"showParticleSystems":true,"showVisualEffectGraphs":true,"m_FxEnabled":true},"in2DMode":false,"pivot":{"x":-1.1583833694458008,"y":9.956707000732422,"z":-22.1076717376709},"rotation":{"x":-0.025507424026727678,"y":-0.8915910720825195,"z":0.44932425022125246,"w":-0.050615452229976657},"size":1.7237790822982789,"orthographic":false}