{"cameraMode":{"drawMode":0,"name":"Shaded","section":"Shading Mode"},"sceneLighting":true,"audioPlay":false,"sceneViewState":{"m_AlwaysRefresh":false,"showFog":true,"showSkybox":true,"showFlares":true,"showImageEffects":true,"showParticleSystems":true,"showVisualEffectGraphs":true,"m_FxEnabled":true},"in2DMode":false,"pivot":{"x":-4.850476264953613,"y":-64.79318237304688,"z":178.3487091064453},"rotation":{"x":-0.22197502851486207,"y":0.007666654419153929,"z":-0.0013629995519295335,"w":-0.9751991629600525},"size":89.3752670288086,"orthographic":false}