{"cameraMode":{"drawMode":0,"name":"Shaded","section":"Shading Mode"},"sceneLighting":true,"audioPlay":false,"sceneViewState":{"m_AlwaysRefresh":false,"showFog":true,"showSkybox":true,"showFlares":true,"showImageEffects":true,"showParticleSystems":true,"showVisualEffectGraphs":true,"m_FxEnabled":true},"in2DMode":false,"pivot":{"x":-14.068470001220704,"y":0.08591580390930176,"z":40.60085678100586},"rotation":{"x":0.15875445306301118,"y":-0.8401790857315064,"z":0.34271904826164248,"w":0.38918519020080569},"size":3.591747283935547,"orthographic":false}